Workbook

Sheet 0. Panduan Level
A1: PANDUAN LEVEL PARAMETER (1-5)
A3: CPU (BENEFIT) | E3: Disk I/O (BENEFIT)
A4: Level | B4: Range | C4: Kategori | E4: Level | F4: Range | G4: Kategori
A5: 1 | B5: 1-2 Core | C5: Sangat Rendah | E5: 1 | F5: 100-200 MB/s | G5: Sangat Rendah
A6: 2 | B6: 3-4 Core | C6: Rendah | E6: 2 | F6: 201-400 MB/s | G6: Rendah
A7: 3 | B7: 5-6 Core | C7: Sedang | E7: 3 | F7: 401-600 MB/s | G7: Sedang
A8: 4 | B8: 7-8 Core | C8: Tinggi | E8: 4 | F8: 601-800 MB/s | G8: Tinggi
A9: 5 | B9: 9+ Core | C9: Sangat Tinggi | E9: 5 | F9: 801+ MB/s | G9: Sangat Tinggi
A11: RAM (BENEFIT) | E11: Harga (COST)
A12: Level | B12: Range | C12: Kategori | E12: Level | F12: Range | G12: Kategori
A13: 1 | B13: 1-2 GB | C13: Sangat Rendah | E13: 1 | F13: $5-$20 | G13: Sangat Murah
A14: 2 | B14: 3-4 GB | C14: Rendah | E14: 2 | F14: $21-$50 | G14: Murah
A15: 3 | B15: 5-8 GB | C15: Sedang | E15: 3 | F15: $51-$100 | G15: Sedang
A16: 4 | B16: 9-16 GB | C16: Tinggi | E16: 4 | F16: $101-$200 | G16: Mahal
A17: 5 | B17: 17+ GB | C17: Sangat Tinggi | E17: 5 | F17: $201+ | G17: Sangat Mahal

Sheet 1. Input Level
A3: No | B3: Vendor | C3: Nama Paket (Plan) | D3: CPU_Level | E3: RAM_Level | F3: DiskIO_Level | G3: Price_Level
A4: 1 | B4: Hetzner | C4: CPX31 | D4: 2 | E4: 3 | F4: 1 | G4: 1
A5: 2 | B5: OVHcloud | C5: VLE-4 (Comfort) | D5: 2 | E5: 3 | F5: 1 | G5: 1
A6: 3 | B6: Dewaweb | C6: Cloud VPS (Paket M) | D6: 3 | E6: 4 | F6: 1 | G6: 1
A7: 4 | B7: IDCloudHost | C7: Cloud VPS Pro (8GB) | D7: 2 | E7: 3 | F7: 5 | G7: 1
A8: 5 | B8: Niagahoster | C8: Cloud VPS KVM 8GB | D8: 2 | E8: 3 | F8: 1 | G8: 2
A9: 6 | B9: Biznet Gio | C9: NEO Lite (MM.8.4) | D9: 2 | E9: 3 | F9: 1 | G9: 2
A10: 7 | B10: Rumahweb | C10: Cloud VPS 8GB | D10: 2 | E10: 3 | F10: 1 | G10: 2
A11: 8 | B11: DomaiNesia | C11: Cloud VPS Cirrus 8GB | D11: 2 | E11: 3 | F11: 1 | G11: 2
A12: 9 | B12: Qwords | C12: Cloud VPS KVM SC8 | D12: 2 | E12: 3 | F12: 1 | G12: 2
A13: 10 | B13: Jagoan Hosting | C13: Cloud VPS Mega | D13: 2 | E13: 3 | F13: 1 | G13: 2
A14: 11 | B14: Linode | C14: Shared Linode 8GB | D14: 2 | E14: 3 | F14: 4 | G14: 2
A15: 12 | B15: DigitalOcean | C15: Premium Droplet | D15: 2 | E15: 3 | F15: 3 | G15: 2
... A24: 21 | B24: Test Cloud | C24: Test Plan | D24: 3 | E24: 3 | F24: 3 | G24: 3

Sheet 2. Konversi ke Nilai
A1: KONVERSI LEVEL KE NILAI AKTUAL (OTOMATIS)
A3: No | B3: Vendor | C3: CPU | D3: RAM | E3: Disk I/O | F3: Harga
A4: 1 | B4: ='1. Input Level'!B4 | C4: =CHOOSE('1. Input Level'!D4,2,4,6,8,10) | D4: =CHOOSE('1. Input Level'!E4,2,4,8,16,32) | E4: =CHOOSE('1. Input Level'!F4,150,300,500,700,1000) | F4: =CHOOSE('1. Input Level'!G4,15,35,75,150,250)
A5: 2 | B5: ='1. Input Level'!B5 | C5: =CHOOSE('1. Input Level'!D5,2,4,6,8,10) | D5: =CHOOSE('1. Input Level'!E5,2,4,8,16,32) | E5: =CHOOSE('1. Input Level'!F5,150,300,500,700,1000) | F5: =CHOOSE('1. Input Level'!G5,15,35,75,150,250)
A6: 3 | B6: ='1. Input Level'!B6 | C6: =CHOOSE('1. Input Level'!D6,2,4,6,8,10) | D6: =CHOOSE('1. Input Level'!E6,2,4,8,16,32) | E6: =CHOOSE('1. Input Level'!F6,150,300,500,700,1000) | F6: =CHOOSE('1. Input Level'!G6,15,35,75,150,250)
A7: 4 | B7: ='1. Input Level'!B7 | C7: =CHOOSE('1. Input Level'!D7,2,4,6,8,10) | D7: =CHOOSE('1. Input Level'!E7,2,4,8,16,32) | E7: =CHOOSE('1. Input Level'!F7,150,300,500,700,1000) | F7: =CHOOSE('1. Input Level'!G7,15,35,75,150,250)
A8: 5 | B8: ='1. Input Level'!B8 | C8: =CHOOSE('1. Input Level'!D8,2,4,6,8,10) | D8: =CHOOSE('1. Input Level'!E8,2,4,8,16,32) | E8: =CHOOSE('1. Input Level'!F8,150,300,500,700,1000) | F8: =CHOOSE('1. Input Level'!G8,15,35,75,150,250)
A9: 6 | B9: ='1. Input Level'!B9 | C9: =CHOOSE('1. Input Level'!D9,2,4,6,8,10) | D9: =CHOOSE('1. Input Level'!E9,2,4,8,16,32) | E9: =CHOOSE('1. Input Level'!F9,150,300,500,700,1000) | F9: =CHOOSE('1. Input Level'!G9,15,35,75,150,250)
A10: 7 | B10: ='1. Input Level'!B10 | C10: =CHOOSE('1. Input Level'!D10,2,4,6,8,10) | D10: =CHOOSE('1. Input Level'!E10,2,4,8,16,32) | E10: =CHOOSE('1. Input Level'!F10,150,300,500,700,1000) | F10: =CHOOSE('1. Input Level'!G10,15,35,75,150,250)
A11: 8 | B11: ='1. Input Level'!B11 | C11: =CHOOSE('1. Input Level'!D11,2,4,6,8,10) | D11: =CHOOSE('1. Input Level'!E11,2,4,8,16,32) | E11: =CHOOSE('1. Input Level'!F11,150,300,500,700,1000) | F11: =CHOOSE('1. Input Level'!G11,15,35,75,150,250)
A12: 9 | B12: ='1. Input Level'!B12 | C12: =CHOOSE('1. Input Level'!D12,2,4,6,8,10) | D12: =CHOOSE('1. Input Level'!E12,2,4,8,16,32) | E12: =CHOOSE('1. Input Level'!F12,150,300,500,700,1000) | F12: =CHOOSE('1. Input Level'!G12,15,35,75,150,250)
A13: 10 | B13: ='1. Input Level'!B13 | C13: =CHOOSE('1. Input Level'!D13,2,4,6,8,10) | D13: =CHOOSE('1. Input Level'!E13,2,4,8,16,32) | E13: =CHOOSE('1. Input Level'!F13,150,300,500,700,1000) | F13: =CHOOSE('1. Input Level'!G13,15,35,75,150,250)
A14: 11 | B14: ='1. Input Level'!B14 | C14: =CHOOSE('1. Input Level'!D14,2,4,6,8,10) | D14: =CHOOSE('1. Input Level'!E14,2,4,8,16,32) | E14: =CHOOSE('1. Input Level'!F14,150,300,500,700,1000) | F14: =CHOOSE('1. Input Level'!G14,15,35,75,150,250)
A15: 12 | B15: ='1. Input Level'!B15 | C15: =CHOOSE('1. Input Level'!D15,2,4,6,8,10) | D15: =CHOOSE('1. Input Level'!E15,2,4,8,16,32) | E15: =CHOOSE('1. Input Level'!F15,150,300,500,700,1000) | F15: =CHOOSE('1. Input Level'!G15,15,35,75,150,250)
... A23: 20 | B23: ='1. Input Level'!B23 | C23: =CHOOSE('1. Input Level'!D23,2,4,6,8,10) | D23: =CHOOSE('1. Input Level'!E23,2,4,8,16,32) | E23: =CHOOSE('1. Input Level'!F23,150,300,500,700,1000) | F23: =CHOOSE('1. Input Level'!G23,15,35,75,150,250)

Sheet 3. Bobot & Kriteria
A1: BOBOT DAN TIPE KRITERIA
A3: Kriteria | B3: CPU (C1) | C3: RAM (C2) | D3: Disk I/O (C3) | E3: Harga (C4)
A4: Tipe | B4: BENEFIT | C4: BENEFIT | D4: BENEFIT | E4: COST
A5: Bobot (W) | B5: 0.25 | C5: 0.25 | D5: 0.25 | E5: 0.25
A7: Total Bobot: | B7: =SUM(B5:E5)

Sheet 4. Normalisasi
A1: MATRIKS TERNORMALISASI (R)
A2: Rumus: rij = xij / √(Σxij²)
A4: Alternatif | B4: CPU (C1) | C4: RAM (C2) | D4: Disk I/O (C3) | E4: Harga (C4)
A5: A1 | B5: ='2. Konversi ke Nilai'!C4/SQRT(SUMPRODUCT('2. Konversi ke Nilai'!$C$4:$C$23,'2. Konversi ke Nilai'!$C$4:$C$23)) | C5: ='2. Konversi ke Nilai'!D4/SQRT(SUMPRODUCT('2. Konversi ke Nilai'!$D$4:$D$23,'2. Konversi ke Nilai'!$D$4:$D$23)) | D5: ='2. Konversi ke Nilai'!E4/SQRT(SUMPRODUCT('2. Konversi ke Nilai'!$E$4:$E$23,'2. Konversi ke Nilai'!$E$4:$E$23)) | E5: ='2. Konversi ke Nilai'!F4/SQRT(SUMPRODUCT('2. Konversi ke Nilai'!$F$4:$F$23,'2. Konversi ke Nilai'!$F$4:$F$23))
A6: A2 | B6: ='2. Konversi ke Nilai'!C5/SQRT(SUMPRODUCT('2. Konversi ke Nilai'!$C$4:$C$23,'2. Konversi ke Nilai'!$C$4:$C$23)) | C6: ='2. Konversi ke Nilai'!D5/SQRT(SUMPRODUCT('2. Konversi ke Nilai'!$D$4:$D$23,'2. Konversi ke Nilai'!$D$4:$D$23)) | D6: ='2. Konversi ke Nilai'!E5/SQRT(SUMPRODUCT('2. Konversi ke Nilai'!$E$4:$E$23,'2. Konversi ke Nilai'!$E$4:$E$23)) | E6: ='2. Konversi ke Nilai'!F5/SQRT(SUMPRODUCT('2. Konversi ke Nilai'!$F$4:$F$23,'2. Konversi ke Nilai'!$F$4:$F$23))
A7: A3 | B7: ='2. Konversi ke Nilai'!C6/SQRT(SUMPRODUCT('2. Konversi ke Nilai'!$C$4:$C$23,'2. Konversi ke Nilai'!$C$4:$C$23)) | C7: ='2. Konversi ke Nilai'!D6/SQRT(SUMPRODUCT('2. Konversi ke Nilai'!$D$4:$D$23,'2. Konversi ke Nilai'!$D$4:$D$23)) | D7: ='2. Konversi ke Nilai'!E6/SQRT(SUMPRODUCT('2. Konversi ke Nilai'!$E$4:$E$23,'2. Konversi ke Nilai'!$E$4:$E$23)) | E7: ='2. Konversi ke Nilai'!F6/SQRT(SUMPRODUCT('2. Konversi ke Nilai'!$F$4:$F$23,'2. Konversi ke Nilai'!$F$4:$F$23))
A8: A4 | B8: ='2. Konversi ke Nilai'!C7/SQRT(SUMPRODUCT('2. Konversi ke Nilai'!$C$4:$C$23,'2. Konversi ke Nilai'!$C$4:$C$23)) | C8: ='2. Konversi ke Nilai'!D7/SQRT(SUMPRODUCT('2. Konversi ke Nilai'!$D$4:$D$23,'2. Konversi ke Nilai'!$D$4:$D$23)) | D8: ='2. Konversi ke Nilai'!E7/SQRT(SUMPRODUCT('2. Konversi ke Nilai'!$E$4:$E$23,'2. Konversi ke Nilai'!$E$4:$E$23)) | E8: ='2. Konversi ke Nilai'!F7/SQRT(SUMPRODUCT('2. Konversi ke Nilai'!$F$4:$F$23,'2. Konversi ke Nilai'!$F$4:$F$23))
A9: A5 | B9: ='2. Konversi ke Nilai'!C8/SQRT(SUMPRODUCT('2. Konversi ke Nilai'!$C$4:$C$23,'2. Konversi ke Nilai'!$C$4:$C$23)) | C9: ='2. Konversi ke Nilai'!D8/SQRT(SUMPRODUCT('2. Konversi ke Nilai'!$D$4:$D$23,'2. Konversi ke Nilai'!$D$4:$D$23)) | D9: ='2. Konversi ke Nilai'!E8/SQRT(SUMPRODUCT('2. Konversi ke Nilai'!$E$4:$E$23,'2. Konversi ke Nilai'!$E$4:$E$23)) | E9: ='2. Konversi ke Nilai'!F8/SQRT(SUMPRODUCT('2. Konversi ke Nilai'!$F$4:$F$23,'2. Konversi ke Nilai'!$F$4:$F$23))
A10: A6 | B10: ='2. Konversi ke Nilai'!C9/SQRT(SUMPRODUCT('2. Konversi ke Nilai'!$C$4:$C$23,'2. Konversi ke Nilai'!$C$4:$C$23)) | C10: ='2. Konversi ke Nilai'!D9/SQRT(SUMPRODUCT('2. Konversi ke Nilai'!$D$4:$D$23,'2. Konversi ke Nilai'!$D$4:$D$23)) | D10: ='2. Konversi ke Nilai'!E9/SQRT(SUMPRODUCT('2. Konversi ke Nilai'!$E$4:$E$23,'2. Konversi ke Nilai'!$E$4:$E$23)) | E10: ='2. Konversi ke Nilai'!F9/SQRT(SUMPRODUCT('2. Konversi ke Nilai'!$F$4:$F$23,'2. Konversi ke Nilai'!$F$4:$F$23))
A11: A7 | B11: ='2. Konversi ke Nilai'!C10/SQRT(SUMPRODUCT('2. Konversi ke Nilai'!$C$4:$C$23,'2. Konversi ke Nilai'!$C$4:$C$23)) | C11: ='2. Konversi ke Nilai'!D10/SQRT(SUMPRODUCT('2. Konversi ke Nilai'!$D$4:$D$23,'2. Konversi ke Nilai'!$D$4:$D$23)) | D11: ='2. Konversi ke Nilai'!E10/SQRT(SUMPRODUCT('2. Konversi ke Nilai'!$E$4:$E$23,'2. Konversi ke Nilai'!$E$4:$E$23)) | E11: ='2. Konversi ke Nilai'!F10/SQRT(SUMPRODUCT('2. Konversi ke Nilai'!$F$4:$F$23,'2. Konversi ke Nilai'!$F$4:$F$23))
A12: A8 | B12: ='2. Konversi ke Nilai'!C11/SQRT(SUMPRODUCT('2. Konversi ke Nilai'!$C$4:$C$23,'2. Konversi ke Nilai'!$C$4:$C$23)) | C12: ='2. Konversi ke Nilai'!D11/SQRT(SUMPRODUCT('2. Konversi ke Nilai'!$D$4:$D$23,'2. Konversi ke Nilai'!$D$4:$D$23)) | D12: ='2. Konversi ke Nilai'!E11/SQRT(SUMPRODUCT('2. Konversi ke Nilai'!$E$4:$E$23,'2. Konversi ke Nilai'!$E$4:$E$23)) | E12: ='2. Konversi ke Nilai'!F11/SQRT(SUMPRODUCT('2. Konversi ke Nilai'!$F$4:$F$23,'2. Konversi ke Nilai'!$F$4:$F$23))
A13: A9 | B13: ='2. Konversi ke Nilai'!C12/SQRT(SUMPRODUCT('2. Konversi ke Nilai'!$C$4:$C$23,'2. Konversi ke Nilai'!$C$4:$C$23)) | C13: ='2. Konversi ke Nilai'!D12/SQRT(SUMPRODUCT('2. Konversi ke Nilai'!$D$4:$D$23,'2. Konversi ke Nilai'!$D$4:$D$23)) | D13: ='2. Konversi ke Nilai'!E12/SQRT(SUMPRODUCT('2. Konversi ke Nilai'!$E$4:$E$23,'2. Konversi ke Nilai'!$E$4:$E$23)) | E13: ='2. Konversi ke Nilai'!F12/SQRT(SUMPRODUCT('2. Konversi ke Nilai'!$F$4:$F$23,'2. Konversi ke Nilai'!$F$4:$F$23))
A14: A10 | B14: ='2. Konversi ke Nilai'!C13/SQRT(SUMPRODUCT('2. Konversi ke Nilai'!$C$4:$C$23,'2. Konversi ke Nilai'!$C$4:$C$23)) | C14: ='2. Konversi ke Nilai'!D13/SQRT(SUMPRODUCT('2. Konversi ke Nilai'!$D$4:$D$23,'2. Konversi ke Nilai'!$D$4:$D$23)) | D14: ='2. Konversi ke Nilai'!E13/SQRT(SUMPRODUCT('2. Konversi ke Nilai'!$E$4:$E$23,'2. Konversi ke Nilai'!$E$4:$E$23)) | E14: ='2. Konversi ke Nilai'!F13/SQRT(SUMPRODUCT('2. Konversi ke Nilai'!$F$4:$F$23,'2. Konversi ke Nilai'!$F$4:$F$23))
A15: A11 | B15: ='2. Konversi ke Nilai'!C14/SQRT(SUMPRODUCT('2. Konversi ke Nilai'!$C$4:$C$23,'2. Konversi ke Nilai'!$C$4:$C$23)) | C15: ='2. Konversi ke Nilai'!D14/SQRT(SUMPRODUCT('2. Konversi ke Nilai'!$D$4:$D$23,'2. Konversi ke Nilai'!$D$4:$D$23)) | D15: ='2. Konversi ke Nilai'!E14/SQRT(SUMPRODUCT('2. Konversi ke Nilai'!$E$4:$E$23,'2. Konversi ke Nilai'!$E$4:$E$23)) | E15: ='2. Konversi ke Nilai'!F14/SQRT(SUMPRODUCT('2. Konversi ke Nilai'!$F$4:$F$23,'2. Konversi ke Nilai'!$F$4:$F$23))
A16: A12 | B16: ='2. Konversi ke Nilai'!C15/SQRT(SUMPRODUCT('2. Konversi ke Nilai'!$C$4:$C$23,'2. Konversi ke Nilai'!$C$4:$C$23)) | C16: ='2. Konversi ke Nilai'!D15/SQRT(SUMPRODUCT('2. Konversi ke Nilai'!$D$4:$D$23,'2. Konversi ke Nilai'!$D$4:$D$23)) | D16: ='2. Konversi ke Nilai'!E15/SQRT(SUMPRODUCT('2. Konversi ke Nilai'!$E$4:$E$23,'2. Konversi ke Nilai'!$E$4:$E$23)) | E16: ='2. Konversi ke Nilai'!F15/SQRT(SUMPRODUCT('2. Konversi ke Nilai'!$F$4:$F$23,'2. Konversi ke Nilai'!$F$4:$F$23))
... A24: A20 | B24: ='2. Konversi ke Nilai'!C23/SQRT(SUMPRODUCT('2. Konversi ke Nilai'!$C$4:$C$23,'2. Konversi ke Nilai'!$C$4:$C$23)) | C24: ='2. Konversi ke Nilai'!D23/SQRT(SUMPRODUCT('2. Konversi ke Nilai'!$D$4:$D$23,'2. Konversi ke Nilai'!$D$4:$D$23)) | D24: ='2. Konversi ke Nilai'!E23/SQRT(SUMPRODUCT('2. Konversi ke Nilai'!$E$4:$E$23,'2. Konversi ke Nilai'!$E$4:$E$23)) | E24: ='2. Konversi ke Nilai'!F23/SQRT(SUMPRODUCT('2. Konversi ke Nilai'!$F$4:$F$23,'2. Konversi ke Nilai'!$F$4:$F$23))

Sheet 5. Normalisasi Terbobot
A1: MATRIKS TERNORMALISASI TERBOBOT (Y)
A2: Rumus: yij = wj × rij
A4: Alternatif | B4: CPU (C1) | C4: RAM (C2) | D4: Disk I/O (C3) | E4: Harga (C4)
A5: A1 | B5: ='4. Normalisasi'!B5*'3. Bobot & Kriteria'!$B$5 | C5: ='4. Normalisasi'!C5*'3. Bobot & Kriteria'!$C$5 | D5: ='4. Normalisasi'!D5*'3. Bobot & Kriteria'!$D$5 | E5: ='4. Normalisasi'!E5*'3. Bobot & Kriteria'!$E$5
A6: A2 | B6: ='4. Normalisasi'!B6*'3. Bobot & Kriteria'!$B$5 | C6: ='4. Normalisasi'!C6*'3. Bobot & Kriteria'!$C$5 | D6: ='4. Normalisasi'!D6*'3. Bobot & Kriteria'!$D$5 | E6: ='4. Normalisasi'!E6*'3. Bobot & Kriteria'!$E$5
A7: A3 | B7: ='4. Normalisasi'!B7*'3. Bobot & Kriteria'!$B$5 | C7: ='4. Normalisasi'!C7*'3. Bobot & Kriteria'!$C$5 | D7: ='4. Normalisasi'!D7*'3. Bobot & Kriteria'!$D$5 | E7: ='4. Normalisasi'!E7*'3. Bobot & Kriteria'!$E$5
A8: A4 | B8: ='4. Normalisasi'!B8*'3. Bobot & Kriteria'!$B$5 | C8: ='4. Normalisasi'!C8*'3. Bobot & Kriteria'!$C$5 | D8: ='4. Normalisasi'!D8*'3. Bobot & Kriteria'!$D$5 | E8: ='4. Normalisasi'!E8*'3. Bobot & Kriteria'!$E$5
A9: A5 | B9: ='4. Normalisasi'!B9*'3. Bobot & Kriteria'!$B$5 | C9: ='4. Normalisasi'!C9*'3. Bobot & Kriteria'!$C$5 | D9: ='4. Normalisasi'!D9*'3. Bobot & Kriteria'!$D$5 | E9: ='4. Normalisasi'!E9*'3. Bobot & Kriteria'!$E$5
A10: A6 | B10: ='4. Normalisasi'!B10*'3. Bobot & Kriteria'!$B$5 | C10: ='4. Normalisasi'!C10*'3. Bobot & Kriteria'!$C$5 | D10: ='4. Normalisasi'!D10*'3. Bobot & Kriteria'!$D$5 | E10: ='4. Normalisasi'!E10*'3. Bobot & Kriteria'!$E$5
A11: A7 | B11: ='4. Normalisasi'!B11*'3. Bobot & Kriteria'!$B$5 | C11: ='4. Normalisasi'!C11*'3. Bobot & Kriteria'!$C$5 | D11: ='4. Normalisasi'!D11*'3. Bobot & Kriteria'!$D$5 | E11: ='4. Normalisasi'!E11*'3. Bobot & Kriteria'!$E$5
A12: A8 | B12: ='4. Normalisasi'!B12*'3. Bobot & Kriteria'!$B$5 | C12: ='4. Normalisasi'!C12*'3. Bobot & Kriteria'!$C$5 | D12: ='4. Normalisasi'!D12*'3. Bobot & Kriteria'!$D$5 | E12: ='4. Normalisasi'!E12*'3. Bobot & Kriteria'!$E$5
A13: A9 | B13: ='4. Normalisasi'!B13*'3. Bobot & Kriteria'!$B$5 | C13: ='4. Normalisasi'!C13*'3. Bobot & Kriteria'!$C$5 | D13: ='4. Normalisasi'!D13*'3. Bobot & Kriteria'!$D$5 | E13: ='4. Normalisasi'!E13*'3. Bobot & Kriteria'!$E$5
A14: A10 | B14: ='4. Normalisasi'!B14*'3. Bobot & Kriteria'!$B$5 | C14: ='4. Normalisasi'!C14*'3. Bobot & Kriteria'!$C$5 | D14: ='4. Normalisasi'!D14*'3. Bobot & Kriteria'!$D$5 | E14: ='4. Normalisasi'!E14*'3. Bobot & Kriteria'!$E$5
A15: A11 | B15: ='4. Normalisasi'!B15*'3. Bobot & Kriteria'!$B$5 | C15: ='4. Normalisasi'!C15*'3. Bobot & Kriteria'!$C$5 | D15: ='4. Normalisasi'!D15*'3. Bobot & Kriteria'!$D$5 | E15: ='4. Normalisasi'!E15*'3. Bobot & Kriteria'!$E$5
A16: A12 | B16: ='4. Normalisasi'!B16*'3. Bobot & Kriteria'!$B$5 | C16: ='4. Normalisasi'!C16*'3. Bobot & Kriteria'!$C$5 | D16: ='4. Normalisasi'!D16*'3. Bobot & Kriteria'!$D$5 | E16: ='4. Normalisasi'!E16*'3. Bobot & Kriteria'!$E$5
... A24: A20 | B24: ='4. Normalisasi'!B24*'3. Bobot & Kriteria'!$B$5 | C24: ='4. Normalisasi'!C24*'3. Bobot & Kriteria'!$C$5 | D24: ='4. Normalisasi'!D24*'3. Bobot & Kriteria'!$D$5 | E24: ='4. Normalisasi'!E24*'3. Bobot & Kriteria'!$E$5

Sheet 6. Solusi Ideal
A1: SOLUSI IDEAL POSITIF (A+) DAN NEGATIF (A-)
A3: Kriteria | B3: CPU (C1) | C3: RAM (C2) | D3: Disk I/O (C3) | E3: Harga (C4)
A4: A+ (Ideal Positif) | B4: =MAX('5. Normalisasi Terbobot'!B5:B24) | C4: =MAX('5. Normalisasi Terbobot'!C5:C24) | D4: =MAX('5. Normalisasi Terbobot'!D5:D24) | E4: =MIN('5. Normalisasi Terbobot'!E5:E24)
A5: A- (Ideal Negatif) | B5: =MIN('5. Normalisasi Terbobot'!B5:B24) | C5: =MIN('5. Normalisasi Terbobot'!C5:C24) | D5: =MIN('5. Normalisasi Terbobot'!D5:D24) | E5: =MAX('5. Normalisasi Terbobot'!E5:E24)

Sheet 7. Hasil TOPSIS
A1: HASIL PERHITUNGAN TOPSIS
A3: Alternatif | B3: Vendor | C3: D+ (Jarak ke A+) | D3: D- (Jarak ke A-) | E3: Score | F3: Rank
A4: A1 | B4: ='1. Input Level'!B4 | C4: =SQRT(SUMPRODUCT(('5. Normalisasi Terbobot'!B5:E5-'6. Solusi Ideal'!$B$4:$E$4)^2)) | D4: =SQRT(SUMPRODUCT(('5. Normalisasi Terbobot'!B5:E5-'6. Solusi Ideal'!$B$5:$E$5)^2)) | E4: =D4/(C4+D4) | F4: =RANK(E4,$E$4:$E$23,0)
A5: A2 | B5: ='1. Input Level'!B5 | C5: =SQRT(SUMPRODUCT(('5. Normalisasi Terbobot'!B6:E6-'6. Solusi Ideal'!$B$4:$E$4)^2)) | D5: =SQRT(SUMPRODUCT(('5. Normalisasi Terbobot'!B6:E6-'6. Solusi Ideal'!$B$5:$E$5)^2)) | E5: =D5/(C5+D5) | F5: =RANK(E5,$E$4:$E$23,0)
A6: A3 | B6: ='1. Input Level'!B6 | C6: =SQRT(SUMPRODUCT(('5. Normalisasi Terbobot'!B7:E7-'6. Solusi Ideal'!$B$4:$E$4)^2)) | D6: =SQRT(SUMPRODUCT(('5. Normalisasi Terbobot'!B7:E7-'6. Solusi Ideal'!$B$5:$E$5)^2)) | E6: =D6/(C6+D6) | F6: =RANK(E6,$E$4:$E$23,0)
A7: A4 | B7: ='1. Input Level'!B7 | C7: =SQRT(SUMPRODUCT(('5. Normalisasi Terbobot'!B8:E8-'6. Solusi Ideal'!$B$4:$E$4)^2)) | D7: =SQRT(SUMPRODUCT(('5. Normalisasi Terbobot'!B8:E8-'6. Solusi Ideal'!$B$5:$E$5)^2)) | E7: =D7/(C7+D7) | F7: =RANK(E7,$E$4:$E$23,0)
A8: A5 | B8: ='1. Input Level'!B8 | C8: =SQRT(SUMPRODUCT(('5. Normalisasi Terbobot'!B9:E9-'6. Solusi Ideal'!$B$4:$E$4)^2)) | D8: =SQRT(SUMPRODUCT(('5. Normalisasi Terbobot'!B9:E9-'6. Solusi Ideal'!$B$5:$E$5)^2)) | E8: =D8/(C8+D8) | F8: =RANK(E8,$E$4:$E$23,0)
A9: A6 | B9: ='1. Input Level'!B9 | C9: =SQRT(SUMPRODUCT(('5. Normalisasi Terbobot'!B10:E10-'6. Solusi Ideal'!$B$4:$E$4)^2)) | D9: =SQRT(SUMPRODUCT(('5. Normalisasi Terbobot'!B10:E10-'6. Solusi Ideal'!$B$5:$E$5)^2)) | E9: =D9/(C9+D9) | F9: =RANK(E9,$E$4:$E$23,0)
A10: A7 | B10: ='1. Input Level'!B10 | C10: =SQRT(SUMPRODUCT(('5. Normalisasi Terbobot'!B11:E11-'6. Solusi Ideal'!$B$4:$E$4)^2)) | D10: =SQRT(SUMPRODUCT(('5. Normalisasi Terbobot'!B11:E11-'6. Solusi Ideal'!$B$5:$E$5)^2)) | E10: =D10/(C10+D10) | F10: =RANK(E10,$E$4:$E$23,0)
A11: A8 | B11: ='1. Input Level'!B11 | C11: =SQRT(SUMPRODUCT(('5. Normalisasi Terbobot'!B12:E12-'6. Solusi Ideal'!$B$4:$E$4)^2)) | D11: =SQRT(SUMPRODUCT(('5. Normalisasi Terbobot'!B12:E12-'6. Solusi Ideal'!$B$5:$E$5)^2)) | E11: =D11/(C11+D11) | F11: =RANK(E11,$E$4:$E$23,0)
A12: A9 | B12: ='1. Input Level'!B12 | C12: =SQRT(SUMPRODUCT(('5. Normalisasi Terbobot'!B13:E13-'6. Solusi Ideal'!$B$4:$E$4)^2)) | D12: =SQRT(SUMPRODUCT(('5. Normalisasi Terbobot'!B13:E13-'6. Solusi Ideal'!$B$5:$E$5)^2)) | E12: =D12/(C12+D12) | F12: =RANK(E12,$E$4:$E$23,0)
A13: A10 | B13: ='1. Input Level'!B13 | C13: =SQRT(SUMPRODUCT(('5. Normalisasi Terbobot'!B14:E14-'6. Solusi Ideal'!$B$4:$E$4)^2)) | D13: =SQRT(SUMPRODUCT(('5. Normalisasi Terbobot'!B14:E14-'6. Solusi Ideal'!$B$5:$E$5)^2)) | E13: =D13/(C13+D13) | F13: =RANK(E13,$E$4:$E$23,0)
A14: A11 | B14: ='1. Input Level'!B14 | C14: =SQRT(SUMPRODUCT(('5. Normalisasi Terbobot'!B15:E15-'6. Solusi Ideal'!$B$4:$E$4)^2)) | D14: =SQRT(SUMPRODUCT(('5. Normalisasi Terbobot'!B15:E15-'6. Solusi Ideal'!$B$5:$E$5)^2)) | E14: =D14/(C14+D14) | F14: =RANK(E14,$E$4:$E$23,0)
A15: A12 | B15: ='1. Input Level'!B15 | C15: =SQRT(SUMPRODUCT(('5. Normalisasi Terbobot'!B16:E16-'6. Solusi Ideal'!$B$4:$E$4)^2)) | D15: =SQRT(SUMPRODUCT(('5. Normalisasi Terbobot'!B16:E16-'6. Solusi Ideal'!$B$5:$E$5)^2)) | E15: =D15/(C15+D15) | F15: =RANK(E15,$E$4:$E$23,0)
... A23: A20 | B23: ='1. Input Level'!B23 | C23: =SQRT(SUMPRODUCT(('5. Normalisasi Terbobot'!B24:E24-'6. Solusi Ideal'!$B$4:$E$4)^2)) | D23: =SQRT(SUMPRODUCT(('5. Normalisasi Terbobot'!B24:E24-'6. Solusi Ideal'!$B$5:$E$5)^2)) | E23: =D23/(C23+D23) | F23: =RANK(E23,$E$4:$E$23,0)
A26: Rumus Score TOPSIS: Score = D- / (D+ + D-)
A27: Semakin tinggi score (mendekati 1), semakin baik alternatif
