Workbook

Sheet 1. Data Input
A1: DATA INPUT - UBAH NILAI DI SINI
A3: No | B3: Vendor | C3: Nama Paket | D3: CPU | E3: RAM | F3: Disk I/O | G3: Harga
A4: 1 | B4: Hetzner | C4: CPX31 | D4: 4 | E4: 8 | F4: 125 | G4: 9.51
A5: 2 | B5: OVHcloud | C5: VLE-4 (Comfort) | D5: 4 | E5: 8 | F5: 125 | G5: 14.5
A6: 3 | B6: Dewaweb | C6: Cloud VPS (Paket M) | D6: 6 | E6: 16 | F6: 125 | G6: 16.32
A7: 4 | B7: IDCloudHost | C7: Cloud VPS Pro (8GB) | D7: 4 | E7: 8 | F7: 1250 | G7: 19.63
A8: 5 | B8: Niagahoster | C8: Cloud VPS KVM 8GB | D8: 4 | E8: 8 | F8: 12.5 | G8: 21.47
A9: 6 | B9: Biznet Gio | C9: NEO Lite (MM.8.4) | D9: 4 | E9: 8 | F9: 125 | G9: 21.78
A10: 7 | B10: Rumahweb | C10: Cloud VPS 8GB | D10: 4 | E10: 8 | F10: 125 | G10: 24.54
A11: 8 | B11: DomaiNesia | C11: Cloud VPS Cirrus 8GB | D11: 4 | E11: 8 | F11: 125 | G11: 25.52
A12: 9 | B12: Qwords | C12: Cloud VPS KVM SC8 | D12: 4 | E12: 8 | F12: 125 | G12: 33.74
A13: 10 | B13: Jagoan Hosting | C13: Cloud VPS Mega | D13: 4 | E13: 8 | F13: 125 | G13: 39.45
A14: 11 | B14: Linode | C14: Shared Linode 8GB | D14: 4 | E14: 8 | F14: 625 | G14: 40
A15: 12 | B15: DigitalOcean | C15: Premium Droplet | D15: 4 | E15: 8 | F15: 500 | G15: 48
... A23: 20 | B23: Azure | C23: B4ms + 100GB | D23: 4 | E23: 16 | F23: 12.5 | G23: 141
A25: ⚠️ UBAH NILAI DI KOLOM KUNING (D-G) UNTUK RECALCULATE OTOMATIS

Sheet 2. Bobot & Kriteria
A1: BOBOT DAN TIPE KRITERIA
A3: Kriteria | B3: CPU (C1) | C3: RAM (C2) | D3: Disk I/O (C3) | E3: Harga (C4)
A4: Tipe | B4: BENEFIT | C4: BENEFIT | D4: BENEFIT | E4: COST
A5: Bobot (W) | B5: 0.25 | C5: 0.25 | D5: 0.25 | E5: 0.25
A7: Total Bobot: | B7: =SUM(B5:E5)
A9: ⚠️ UBAH BOBOT DI BARIS 5 (Total harus = 1)

Sheet 3. Normalisasi
A1: MATRIKS TERNORMALISASI (R)
A2: Rumus: rij = xij / √(Σxij²)
A4: Alternatif | B4: CPU (C1) | C4: RAM (C2) | D4: Disk I/O (C3) | E4: Harga (C4)
A5: A1 | B5: ='1. Data Input'!D4/SQRT(SUMPRODUCT('1. Data Input'!$D$4:$D$23,'1. Data Input'!$D$4:$D$23)) | C5: ='1. Data Input'!E4/SQRT(SUMPRODUCT('1. Data Input'!$E$4:$E$23,'1. Data Input'!$E$4:$E$23)) | D5: ='1. Data Input'!F4/SQRT(SUMPRODUCT('1. Data Input'!$F$4:$F$23,'1. Data Input'!$F$4:$F$23)) | E5: ='1. Data Input'!G4/SQRT(SUMPRODUCT('1. Data Input'!$G$4:$G$23,'1. Data Input'!$G$4:$G$23))
A6: A2 | B6: ='1. Data Input'!D5/SQRT(SUMPRODUCT('1. Data Input'!$D$4:$D$23,'1. Data Input'!$D$4:$D$23)) | C6: ='1. Data Input'!E5/SQRT(SUMPRODUCT('1. Data Input'!$E$4:$E$23,'1. Data Input'!$E$4:$E$23)) | D6: ='1. Data Input'!F5/SQRT(SUMPRODUCT('1. Data Input'!$F$4:$F$23,'1. Data Input'!$F$4:$F$23)) | E6: ='1. Data Input'!G5/SQRT(SUMPRODUCT('1. Data Input'!$G$4:$G$23,'1. Data Input'!$G$4:$G$23))
A7: A3 | B7: ='1. Data Input'!D6/SQRT(SUMPRODUCT('1. Data Input'!$D$4:$D$23,'1. Data Input'!$D$4:$D$23)) | C7: ='1. Data Input'!E6/SQRT(SUMPRODUCT('1. Data Input'!$E$4:$E$23,'1. Data Input'!$E$4:$E$23)) | D7: ='1. Data Input'!F6/SQRT(SUMPRODUCT('1. Data Input'!$F$4:$F$23,'1. Data Input'!$F$4:$F$23)) | E7: ='1. Data Input'!G6/SQRT(SUMPRODUCT('1. Data Input'!$G$4:$G$23,'1. Data Input'!$G$4:$G$23))
A8: A4 | B8: ='1. Data Input'!D7/SQRT(SUMPRODUCT('1. Data Input'!$D$4:$D$23,'1. Data Input'!$D$4:$D$23)) | C8: ='1. Data Input'!E7/SQRT(SUMPRODUCT('1. Data Input'!$E$4:$E$23,'1. Data Input'!$E$4:$E$23)) | D8: ='1. Data Input'!F7/SQRT(SUMPRODUCT('1. Data Input'!$F$4:$F$23,'1. Data Input'!$F$4:$F$23)) | E8: ='1. Data Input'!G7/SQRT(SUMPRODUCT('1. Data Input'!$G$4:$G$23,'1. Data Input'!$G$4:$G$23))
A9: A5 | B9: ='1. Data Input'!D8/SQRT(SUMPRODUCT('1. Data Input'!$D$4:$D$23,'1. Data Input'!$D$4:$D$23)) | C9: ='1. Data Input'!E8/SQRT(SUMPRODUCT('1. Data Input'!$E$4:$E$23,'1. Data Input'!$E$4:$E$23)) | D9: ='1. Data Input'!F8/SQRT(SUMPRODUCT('1. Data Input'!$F$4:$F$23,'1. Data Input'!$F$4:$F$23)) | E9: ='1. Data Input'!G8/SQRT(SUMPRODUCT('1. Data Input'!$G$4:$G$23,'1. Data Input'!$G$4:$G$23))
A10: A6 | B10: ='1. Data Input'!D9/SQRT(SUMPRODUCT('1. Data Input'!$D$4:$D$23,'1. Data Input'!$D$4:$D$23)) | C10: ='1. Data Input'!E9/SQRT(SUMPRODUCT('1. Data Input'!$E$4:$E$23,'1. Data Input'!$E$4:$E$23)) | D10: ='1. Data Input'!F9/SQRT(SUMPRODUCT('1. Data Input'!$F$4:$F$23,'1. Data Input'!$F$4:$F$23)) | E10: ='1. Data Input'!G9/SQRT(SUMPRODUCT('1. Data Input'!$G$4:$G$23,'1. Data Input'!$G$4:$G$23))
A11: A7 | B11: ='1. Data Input'!D10/SQRT(SUMPRODUCT('1. Data Input'!$D$4:$D$23,'1. Data Input'!$D$4:$D$23)) | C11: ='1. Data Input'!E10/SQRT(SUMPRODUCT('1. Data Input'!$E$4:$E$23,'1. Data Input'!$E$4:$E$23)) | D11: ='1. Data Input'!F10/SQRT(SUMPRODUCT('1. Data Input'!$F$4:$F$23,'1. Data Input'!$F$4:$F$23)) | E11: ='1. Data Input'!G10/SQRT(SUMPRODUCT('1. Data Input'!$G$4:$G$23,'1. Data Input'!$G$4:$G$23))
A12: A8 | B12: ='1. Data Input'!D11/SQRT(SUMPRODUCT('1. Data Input'!$D$4:$D$23,'1. Data Input'!$D$4:$D$23)) | C12: ='1. Data Input'!E11/SQRT(SUMPRODUCT('1. Data Input'!$E$4:$E$23,'1. Data Input'!$E$4:$E$23)) | D12: ='1. Data Input'!F11/SQRT(SUMPRODUCT('1. Data Input'!$F$4:$F$23,'1. Data Input'!$F$4:$F$23)) | E12: ='1. Data Input'!G11/SQRT(SUMPRODUCT('1. Data Input'!$G$4:$G$23,'1. Data Input'!$G$4:$G$23))
A13: A9 | B13: ='1. Data Input'!D12/SQRT(SUMPRODUCT('1. Data Input'!$D$4:$D$23,'1. Data Input'!$D$4:$D$23)) | C13: ='1. Data Input'!E12/SQRT(SUMPRODUCT('1. Data Input'!$E$4:$E$23,'1. Data Input'!$E$4:$E$23)) | D13: ='1. Data Input'!F12/SQRT(SUMPRODUCT('1. Data Input'!$F$4:$F$23,'1. Data Input'!$F$4:$F$23)) | E13: ='1. Data Input'!G12/SQRT(SUMPRODUCT('1. Data Input'!$G$4:$G$23,'1. Data Input'!$G$4:$G$23))
A14: A10 | B14: ='1. Data Input'!D13/SQRT(SUMPRODUCT('1. Data Input'!$D$4:$D$23,'1. Data Input'!$D$4:$D$23)) | C14: ='1. Data Input'!E13/SQRT(SUMPRODUCT('1. Data Input'!$E$4:$E$23,'1. Data Input'!$E$4:$E$23)) | D14: ='1. Data Input'!F13/SQRT(SUMPRODUCT('1. Data Input'!$F$4:$F$23,'1. Data Input'!$F$4:$F$23)) | E14: ='1. Data Input'!G13/SQRT(SUMPRODUCT('1. Data Input'!$G$4:$G$23,'1. Data Input'!$G$4:$G$23))
A15: A11 | B15: ='1. Data Input'!D14/SQRT(SUMPRODUCT('1. Data Input'!$D$4:$D$23,'1. Data Input'!$D$4:$D$23)) | C15: ='1. Data Input'!E14/SQRT(SUMPRODUCT('1. Data Input'!$E$4:$E$23,'1. Data Input'!$E$4:$E$23)) | D15: ='1. Data Input'!F14/SQRT(SUMPRODUCT('1. Data Input'!$F$4:$F$23,'1. Data Input'!$F$4:$F$23)) | E15: ='1. Data Input'!G14/SQRT(SUMPRODUCT('1. Data Input'!$G$4:$G$23,'1. Data Input'!$G$4:$G$23))
A16: A12 | B16: ='1. Data Input'!D15/SQRT(SUMPRODUCT('1. Data Input'!$D$4:$D$23,'1. Data Input'!$D$4:$D$23)) | C16: ='1. Data Input'!E15/SQRT(SUMPRODUCT('1. Data Input'!$E$4:$E$23,'1. Data Input'!$E$4:$E$23)) | D16: ='1. Data Input'!F15/SQRT(SUMPRODUCT('1. Data Input'!$F$4:$F$23,'1. Data Input'!$F$4:$F$23)) | E16: ='1. Data Input'!G15/SQRT(SUMPRODUCT('1. Data Input'!$G$4:$G$23,'1. Data Input'!$G$4:$G$23))
... A24: A20 | B24: ='1. Data Input'!D23/SQRT(SUMPRODUCT('1. Data Input'!$D$4:$D$23,'1. Data Input'!$D$4:$D$23)) | C24: ='1. Data Input'!E23/SQRT(SUMPRODUCT('1. Data Input'!$E$4:$E$23,'1. Data Input'!$E$4:$E$23)) | D24: ='1. Data Input'!F23/SQRT(SUMPRODUCT('1. Data Input'!$F$4:$F$23,'1. Data Input'!$F$4:$F$23)) | E24: ='1. Data Input'!G23/SQRT(SUMPRODUCT('1. Data Input'!$G$4:$G$23,'1. Data Input'!$G$4:$G$23))

Sheet 4. Normalisasi Terbobot
A1: MATRIKS TERNORMALISASI TERBOBOT (Y)
A2: Rumus: yij = wj × rij
A4: Alternatif | B4: CPU (C1) | C4: RAM (C2) | D4: Disk I/O (C3) | E4: Harga (C4)
A5: A1 | B5: ='3. Normalisasi'!B5*'2. Bobot & Kriteria'!$B$5 | C5: ='3. Normalisasi'!C5*'2. Bobot & Kriteria'!$C$5 | D5: ='3. Normalisasi'!D5*'2. Bobot & Kriteria'!$D$5 | E5: ='3. Normalisasi'!E5*'2. Bobot & Kriteria'!$E$5
A6: A2 | B6: ='3. Normalisasi'!B6*'2. Bobot & Kriteria'!$B$5 | C6: ='3. Normalisasi'!C6*'2. Bobot & Kriteria'!$C$5 | D6: ='3. Normalisasi'!D6*'2. Bobot & Kriteria'!$D$5 | E6: ='3. Normalisasi'!E6*'2. Bobot & Kriteria'!$E$5
A7: A3 | B7: ='3. Normalisasi'!B7*'2. Bobot & Kriteria'!$B$5 | C7: ='3. Normalisasi'!C7*'2. Bobot & Kriteria'!$C$5 | D7: ='3. Normalisasi'!D7*'2. Bobot & Kriteria'!$D$5 | E7: ='3. Normalisasi'!E7*'2. Bobot & Kriteria'!$E$5
A8: A4 | B8: ='3. Normalisasi'!B8*'2. Bobot & Kriteria'!$B$5 | C8: ='3. Normalisasi'!C8*'2. Bobot & Kriteria'!$C$5 | D8: ='3. Normalisasi'!D8*'2. Bobot & Kriteria'!$D$5 | E8: ='3. Normalisasi'!E8*'2. Bobot & Kriteria'!$E$5
A9: A5 | B9: ='3. Normalisasi'!B9*'2. Bobot & Kriteria'!$B$5 | C9: ='3. Normalisasi'!C9*'2. Bobot & Kriteria'!$C$5 | D9: ='3. Normalisasi'!D9*'2. Bobot & Kriteria'!$D$5 | E9: ='3. Normalisasi'!E9*'2. Bobot & Kriteria'!$E$5
A10: A6 | B10: ='3. Normalisasi'!B10*'2. Bobot & Kriteria'!$B$5 | C10: ='3. Normalisasi'!C10*'2. Bobot & Kriteria'!$C$5 | D10: ='3. Normalisasi'!D10*'2. Bobot & Kriteria'!$D$5 | E10: ='3. Normalisasi'!E10*'2. Bobot & Kriteria'!$E$5
A11: A7 | B11: ='3. Normalisasi'!B11*'2. Bobot & Kriteria'!$B$5 | C11: ='3. Normalisasi'!C11*'2. Bobot & Kriteria'!$C$5 | D11: ='3. Normalisasi'!D11*'2. Bobot & Kriteria'!$D$5 | E11: ='3. Normalisasi'!E11*'2. Bobot & Kriteria'!$E$5
A12: A8 | B12: ='3. Normalisasi'!B12*'2. Bobot & Kriteria'!$B$5 | C12: ='3. Normalisasi'!C12*'2. Bobot & Kriteria'!$C$5 | D12: ='3. Normalisasi'!D12*'2. Bobot & Kriteria'!$D$5 | E12: ='3. Normalisasi'!E12*'2. Bobot & Kriteria'!$E$5
A13: A9 | B13: ='3. Normalisasi'!B13*'2. Bobot & Kriteria'!$B$5 | C13: ='3. Normalisasi'!C13*'2. Bobot & Kriteria'!$C$5 | D13: ='3. Normalisasi'!D13*'2. Bobot & Kriteria'!$D$5 | E13: ='3. Normalisasi'!E13*'2. Bobot & Kriteria'!$E$5
A14: A10 | B14: ='3. Normalisasi'!B14*'2. Bobot & Kriteria'!$B$5 | C14: ='3. Normalisasi'!C14*'2. Bobot & Kriteria'!$C$5 | D14: ='3. Normalisasi'!D14*'2. Bobot & Kriteria'!$D$5 | E14: ='3. Normalisasi'!E14*'2. Bobot & Kriteria'!$E$5
A15: A11 | B15: ='3. Normalisasi'!B15*'2. Bobot & Kriteria'!$B$5 | C15: ='3. Normalisasi'!C15*'2. Bobot & Kriteria'!$C$5 | D15: ='3. Normalisasi'!D15*'2. Bobot & Kriteria'!$D$5 | E15: ='3. Normalisasi'!E15*'2. Bobot & Kriteria'!$E$5
A16: A12 | B16: ='3. Normalisasi'!B16*'2. Bobot & Kriteria'!$B$5 | C16: ='3. Normalisasi'!C16*'2. Bobot & Kriteria'!$C$5 | D16: ='3. Normalisasi'!D16*'2. Bobot & Kriteria'!$D$5 | E16: ='3. Normalisasi'!E16*'2. Bobot & Kriteria'!$E$5
... A24: A20 | B24: ='3. Normalisasi'!B24*'2. Bobot & Kriteria'!$B$5 | C24: ='3. Normalisasi'!C24*'2. Bobot & Kriteria'!$C$5 | D24: ='3. Normalisasi'!D24*'2. Bobot & Kriteria'!$D$5 | E24: ='3. Normalisasi'!E24*'2. Bobot & Kriteria'!$E$5

Sheet 5. Solusi Ideal
A1: SOLUSI IDEAL POSITIF (A+) DAN NEGATIF (A-)
A3: Kriteria | B3: CPU (C1) | C3: RAM (C2) | D3: Disk I/O (C3) | E3: Harga (C4)
A4: A+ (Ideal Positif) | B4: =MAX('4. Normalisasi Terbobot'!B5:B24) | C4: =MAX('4. Normalisasi Terbobot'!C5:C24) | D4: =MAX('4. Normalisasi Terbobot'!D5:D24) | E4: =MIN('4. Normalisasi Terbobot'!E5:E24)
A5: A- (Ideal Negatif) | B5: =MIN('4. Normalisasi Terbobot'!B5:B24) | C5: =MIN('4. Normalisasi Terbobot'!C5:C24) | D5: =MIN('4. Normalisasi Terbobot'!D5:D24) | E5: =MAX('4. Normalisasi Terbobot'!E5:E24)
A7: Keterangan:
A8: • BENEFIT: A+ = MAX, A- = MIN
A9: • COST: A+ = MIN, A- = MAX

Sheet 6. Hasil TOPSIS
A1: HASIL PERHITUNGAN TOPSIS
A3: Alternatif | B3: Vendor | C3: D+ (Jarak ke A+) | D3: D- (Jarak ke A-) | E3: Score | F3: Rank
A4: A1 | B4: ='1. Data Input'!B4 | C4: =SQRT(SUMPRODUCT(('4. Normalisasi Terbobot'!B5:E5-'5. Solusi Ideal'!$B$4:$E$4)^2)) | D4: =SQRT(SUMPRODUCT(('4. Normalisasi Terbobot'!B5:E5-'5. Solusi Ideal'!$B$5:$E$5)^2)) | E4: =D4/(C4+D4) | F4: =RANK(E4,$E$4:$E$23,0)
A5: A2 | B5: ='1. Data Input'!B5 | C5: =SQRT(SUMPRODUCT(('4. Normalisasi Terbobot'!B6:E6-'5. Solusi Ideal'!$B$4:$E$4)^2)) | D5: =SQRT(SUMPRODUCT(('4. Normalisasi Terbobot'!B6:E6-'5. Solusi Ideal'!$B$5:$E$5)^2)) | E5: =D5/(C5+D5) | F5: =RANK(E5,$E$4:$E$23,0)
A6: A3 | B6: ='1. Data Input'!B6 | C6: =SQRT(SUMPRODUCT(('4. Normalisasi Terbobot'!B7:E7-'5. Solusi Ideal'!$B$4:$E$4)^2)) | D6: =SQRT(SUMPRODUCT(('4. Normalisasi Terbobot'!B7:E7-'5. Solusi Ideal'!$B$5:$E$5)^2)) | E6: =D6/(C6+D6) | F6: =RANK(E6,$E$4:$E$23,0)
A7: A4 | B7: ='1. Data Input'!B7 | C7: =SQRT(SUMPRODUCT(('4. Normalisasi Terbobot'!B8:E8-'5. Solusi Ideal'!$B$4:$E$4)^2)) | D7: =SQRT(SUMPRODUCT(('4. Normalisasi Terbobot'!B8:E8-'5. Solusi Ideal'!$B$5:$E$5)^2)) | E7: =D7/(C7+D7) | F7: =RANK(E7,$E$4:$E$23,0)
A8: A5 | B8: ='1. Data Input'!B8 | C8: =SQRT(SUMPRODUCT(('4. Normalisasi Terbobot'!B9:E9-'5. Solusi Ideal'!$B$4:$E$4)^2)) | D8: =SQRT(SUMPRODUCT(('4. Normalisasi Terbobot'!B9:E9-'5. Solusi Ideal'!$B$5:$E$5)^2)) | E8: =D8/(C8+D8) | F8: =RANK(E8,$E$4:$E$23,0)
A9: A6 | B9: ='1. Data Input'!B9 | C9: =SQRT(SUMPRODUCT(('4. Normalisasi Terbobot'!B10:E10-'5. Solusi Ideal'!$B$4:$E$4)^2)) | D9: =SQRT(SUMPRODUCT(('4. Normalisasi Terbobot'!B10:E10-'5. Solusi Ideal'!$B$5:$E$5)^2)) | E9: =D9/(C9+D9) | F9: =RANK(E9,$E$4:$E$23,0)
A10: A7 | B10: ='1. Data Input'!B10 | C10: =SQRT(SUMPRODUCT(('4. Normalisasi Terbobot'!B11:E11-'5. Solusi Ideal'!$B$4:$E$4)^2)) | D10: =SQRT(SUMPRODUCT(('4. Normalisasi Terbobot'!B11:E11-'5. Solusi Ideal'!$B$5:$E$5)^2)) | E10: =D10/(C10+D10) | F10: =RANK(E10,$E$4:$E$23,0)
A11: A8 | B11: ='1. Data Input'!B11 | C11: =SQRT(SUMPRODUCT(('4. Normalisasi Terbobot'!B12:E12-'5. Solusi Ideal'!$B$4:$E$4)^2)) | D11: =SQRT(SUMPRODUCT(('4. Normalisasi Terbobot'!B12:E12-'5. Solusi Ideal'!$B$5:$E$5)^2)) | E11: =D11/(C11+D11) | F11: =RANK(E11,$E$4:$E$23,0)
A12: A9 | B12: ='1. Data Input'!B12 | C12: =SQRT(SUMPRODUCT(('4. Normalisasi Terbobot'!B13:E13-'5. Solusi Ideal'!$B$4:$E$4)^2)) | D12: =SQRT(SUMPRODUCT(('4. Normalisasi Terbobot'!B13:E13-'5. Solusi Ideal'!$B$5:$E$5)^2)) | E12: =D12/(C12+D12) | F12: =RANK(E12,$E$4:$E$23,0)
A13: A10 | B13: ='1. Data Input'!B13 | C13: =SQRT(SUMPRODUCT(('4. Normalisasi Terbobot'!B14:E14-'5. Solusi Ideal'!$B$4:$E$4)^2)) | D13: =SQRT(SUMPRODUCT(('4. Normalisasi Terbobot'!B14:E14-'5. Solusi Ideal'!$B$5:$E$5)^2)) | E13: =D13/(C13+D13) | F13: =RANK(E13,$E$4:$E$23,0)
A14: A11 | B14: ='1. Data Input'!B14 | C14: =SQRT(SUMPRODUCT(('4. Normalisasi Terbobot'!B15:E15-'5. Solusi Ideal'!$B$4:$E$4)^2)) | D14: =SQRT(SUMPRODUCT(('4. Normalisasi Terbobot'!B15:E15-'5. Solusi Ideal'!$B$5:$E$5)^2)) | E14: =D14/(C14+D14) | F14: =RANK(E14,$E$4:$E$23,0)
A15: A12 | B15: ='1. Data Input'!B15 | C15: =SQRT(SUMPRODUCT(('4. Normalisasi Terbobot'!B16:E16-'5. Solusi Ideal'!$B$4:$E$4)^2)) | D15: =SQRT(SUMPRODUCT(('4. Normalisasi Terbobot'!B16:E16-'5. Solusi Ideal'!$B$5:$E$5)^2)) | E15: =D15/(C15+D15) | F15: =RANK(E15,$E$4:$E$23,0)
... A23: A20 | B23: ='1. Data Input'!B23 | C23: =SQRT(SUMPRODUCT(('4. Normalisasi Terbobot'!B24:E24-'5. Solusi Ideal'!$B$4:$E$4)^2)) | D23: =SQRT(SUMPRODUCT(('4. Normalisasi Terbobot'!B24:E24-'5. Solusi Ideal'!$B$5:$E$5)^2)) | E23: =D23/(C23+D23) | F23: =RANK(E23,$E$4:$E$23,0)
A26: Rumus Score TOPSIS:
A27: Score = D- / (D+ + D-)
A28: Semakin tinggi score (mendekati 1), semakin baik alternatif
